area,machineNo,gaugeId,certificateNo,gaugeDescription,range,workRange,lc,errorPercent,calibrationDate,dueDate,error %,certificateFileName
CA4,CA4M28,CA4M28-PG02,VI/25-26/4650-122,SHUTTER DOOR,0-0.4 MPA,0.1-0.2 MPA,0.11,0.05 MPA,27-12-2025,28-12-2026,0.002,
CA4,CA4M28,CA4M28-PG03,VI/25-26/4650-123,FRL UNIT,0-1 MPA,0.4-0.6 MPA,0.11,0.05 MPA,27-12-2025,28-12-2026,0.002,
CA4,CA4M28,CA4M28-PG04,VI/25-26/4650-124,LUBRICATION,0-5 MPA,2-3 MPA,0.11,0.2 MPA,27-12-2025,28-12-2026,0.002,
CA4,CA4M28,CA4M28-PG05,VI/25-26/4650-125,HYDRAULIC UNIT,0-10 MPA,2-5 MPA,0.11,0.5 MPA,27-12-2025,28-12-2026,0.002,
CA4,CA4M28,CA4M28-PG06,VI/25-26/4650-126,TOOL PAT ADV / RTN,0-6 MPA,1-3 MPA,0.11,0.1 MPA,27-12-2025,28-12-2026,0.002,
CA4,CA4M28,CA4M28-PG07,VI/25-26/4650-127,WORK CLAMP UNCLAMP,0-6 MPA,2-4 MPA,0.11,0.1 MPA,27-12-2025,28-12-2026,0.002,
CA4,CA4M28,CA4M28-PG08,VI/25-26/4650-128,CYCLONE FILTER,0-0.6 MPA,0.1-0.25 MPA,0.11,0.01 MPA,27-12-2025,28-12-2026,0.002,
CA4,CA4M28,CA4M28-PG09,VI/25-26/4650-129,SPINDLE COOLANT,0-5 MPA,1-3 MPA,0.11,0.2 MPA,27-12-2025,28-12-2026,0.002,
CA4,CA4M28,CA4M28-PG10,VI/25-26/4650-130,BIG COOLANT,0-1 MPA,0-0.4 MPA,0.11,0.02 MPA,27-12-2025,28-12-2026,0.002,
CA4,CA4M28,CA4M28-PG11,VI/25-26/4650-131,SET PRESSURE-01,0-0.2 MPA,0.05-0.15 MPA,0.11,0.01 MPA,27-12-2025,28-12-2026,0.002,
CA4,CA4M28,CA4M28-PG12,VI/25-26/4650-132,SET PRESSURE -02,0-0.2 MPA,0.05-0.15 MPA,0.11,0.01 MPA,27-12-2025,28-12-2026,0.002,
CA4,CA4M13,CA4M13-PG012,VI/25-26/4650-212,LUBRICATION,0-1 MPA,2-5 MPA,0.11,0.05 MPA,27-12-2025,28-12-2026,0.002,
CA4,CA4M14,CA4M14-PG013,VI/25-26/4650-213,CLAMP UNCLAMP,0-10 MPA,0.4-0.6 MPA,0.11,0.2 MPA,27-12-2025,28-12-2026,0.002,
CA4,CA4M15,CA4M15-PG014,VI/25-26/4650-214,COOLANT,0-10 MPA,0.4-0.6 MPA,0.11,0.2 MPA,27-12-2025,28-12-2026,0.002,
CA4,CA4M16,CA4M16-PG015,VI/25-26/4650-215,HYDRAULIC PRESSURE,0-6 MPA,0.1-0.2 MPA,0.11,0.05 MPA,27-12-2025,28-12-2026,0.002,
CA4,CA4M17,CA4M17-PG016,VI/25-26/4650-216,COOLANT,0-10 MPA,0.4-0.6 MPA,0.11,0.2 MPA,27-12-2025,28-12-2026,0.002,
CA4,CA4M18,CA4M18-PG017,VI/25-26/4650-217,CLAMP UNCLAMP,0-1 MPA,2-5 MPA,0.11,0.2 MPA,27-12-2025,28-12-2026,0.002,
CA4,CA4M19,CA4M19-PG018,VI/25-26/4650-218,CLAMP UNCLAMP,0-1 MPA,1-3 MPA,0.11,0.05 MPA,27-12-2025,28-12-2026,0.002,
CA4,CA4M20,CA4M20-PG019,VI/25-26/4650-219,LUBRICATION,0-10 MPA,0.4-0.6 MPA,0.11,0.2 MPA,27-12-2025,28-12-2026,0.002,
CA4,CA4M21,CA4M21-PG020,VI/25-26/4650-220,AIR PRESSURE,0-1 MPA,0.1-0.2 MPA,0.11,0.1 MPA,27-12-2025,28-12-2026,0.002,
CA4,CA4M22,CA4M22-PG021,VI/25-26/4650-221,AIR PRESSURE,0-6 MPA,0.1-0.2 MPA,0.11,0.2 MPA,27-12-2025,28-12-2026,0.002,
CA4,CA4M23,CA4M23-PG022,VI/25-26/4650-222,SPINDLE COOLANT,0-1 MPA,1-3 MPA,0.11,0.05 MPA,27-12-2025,28-12-2026,0.002,
CA4,CA4M24,CA4M24-PG023,VI/25-26/4650-223,AIR PRESSURE,0-6 MPA,0.4-0.6 MPA,0.11,0.2 MPA,27-12-2025,28-12-2026,0.002,
CA4,CA4M25,CA4M25-PG024,VI/25-26/4650-224,COOLANT,0-1 MPA,0.1-0.2 MPA,0.11,0.1 MPA,27-12-2025,28-12-2026,0.002,
CA4,CA4M26,CA4M26-PG025,VI/25-26/4650-225,AIR PRESSURE,0-1 MPA,1-3 MPA,0.11,0.05 MPA,27-12-2025,28-12-2026,0.002,
CA4,CA4M27,CA4M27-PG026,VI/25-26/4650-226,AIR PRESSURE,0-5 MPA,2-5 MPA,0.11,0.2 MPA,27-12-2025,28-12-2026,0.002,
CA4,CA4M28,CA4M28-PG027,VI/25-26/4650-227,AIR PRESSURE,0-1 MPA,0.1-0.2 MPA,0.11,0.2 MPA,27-12-2025,28-12-2026,0.002,
CA4,CA4M29,CA4M29-PG028,VI/25-26/4650-228,LUBRICATION,0-1 MPA,2-5 MPA,0.11,0.2 MPA,27-12-2025,28-12-2026,0.002,
CA4,CA4M01,CA4M01-PG029,VI/25-26/4650-229,LUBRICATION,0-6 MPA,0.4-0.6 MPA,0.11,0.05 MPA,27-12-2025,28-12-2026,0.002,
CA4,CA4M02,CA4M02-PG030,VI/25-26/4650-230,COOLANT,0-1 MPA,0.4-0.6 MPA,0.11,0.05 MPA,27-12-2025,28-12-2026,0.002,
CA4,CA4M03,CA4M03-PG031,VI/25-26/4650-231,HYDRAULIC PRESSURE,0-10 MPA,2-5 MPA,0.11,0.05 MPA,27-12-2025,28-12-2026,0.002,
CA4,CA4M04,CA4M04-PG032,VI/25-26/4650-232,HYDRAULIC PRESSURE,0-1 MPA,1-3 MPA,0.11,0.05 MPA,27-12-2025,28-12-2026,0.002,
CA4,CA4M05,CA4M05-PG033,VI/25-26/4650-233,COOLANT,0-5 MPA,0.1-0.2 MPA,0.11,0.2 MPA,27-12-2025,28-12-2026,0.002,
CA4,CA4M06,CA4M06-PG034,VI/25-26/4650-234,CLAMP UNCLAMP,0-6 MPA,1-3 MPA,0.11,0.2 MPA,27-12-2025,28-12-2026,0.002,
CA4,CA4M07,CA4M07-PG035,VI/25-26/4650-235,SPINDLE COOLANT,0-1 MPA,0.4-0.6 MPA,0.11,0.05 MPA,27-12-2025,28-12-2026,0.002,
CA4,CA4M08,CA4M08-PG036,VI/25-26/4650-236,COOLANT,0-10 MPA,0.4-0.6 MPA,0.11,0.05 MPA,27-12-2025,28-12-2026,0.002,
CA4,CA4M09,CA4M09-PG037,VI/25-26/4650-237,CLAMP UNCLAMP,0-1 MPA,2-5 MPA,0.11,0.1 MPA,27-12-2025,28-12-2026,0.002,
CA4,CA4M10,CA4M10-PG038,VI/25-26/4650-238,SPINDLE COOLANT,0-1 MPA,0.4-0.6 MPA,0.11,0.05 MPA,27-12-2025,28-12-2026,0.002,
CA4,CA4M11,CA4M11-PG039,VI/25-26/4650-239,SPINDLE COOLANT,0-5 MPA,2-5 MPA,0.11,0.05 MPA,27-12-2025,28-12-2026,0.002,
CA4,CA4M12,CA4M12-PG040,VI/25-26/4650-240,COOLANT,0-5 MPA,0.4-0.6 MPA,0.11,0.1 MPA,27-12-2025,28-12-2026,0.002,
CA4,CA4M13,CA4M13-PG041,VI/25-26/4650-241,SPINDLE COOLANT,0-5 MPA,0.1-0.2 MPA,0.11,0.1 MPA,27-12-2025,28-12-2026,0.002,
CA4,CA4M14,CA4M14-PG042,VI/25-26/4650-242,SPINDLE COOLANT,0-1 MPA,1-3 MPA,0.11,0.2 MPA,27-12-2025,28-12-2026,0.002,
CA4,CA4M15,CA4M15-PG043,VI/25-26/4650-243,COOLANT,0-5 MPA,0.4-0.6 MPA,0.11,0.2 MPA,27-12-2025,28-12-2026,0.002,
CA4,CA4M16,CA4M16-PG044,VI/25-26/4650-244,HYDRAULIC PRESSURE,0-10 MPA,0.1-0.2 MPA,0.11,0.1 MPA,27-12-2025,28-12-2026,0.002,
CA4,CA4M17,CA4M17-PG045,VI/25-26/4650-245,CLAMP UNCLAMP,0-5 MPA,0.4-0.6 MPA,0.11,0.05 MPA,27-12-2025,28-12-2026,0.002,
CA4,CA4M18,CA4M18-PG046,VI/25-26/4650-246,COOLANT,0-6 MPA,0.4-0.6 MPA,0.11,0.1 MPA,27-12-2025,28-12-2026,0.002,
CA4,CA4M19,CA4M19-PG047,VI/25-26/4650-247,COOLANT,0-5 MPA,0.1-0.2 MPA,0.11,0.2 MPA,27-12-2025,28-12-2026,0.002,
CA4,CA4M20,CA4M20-PG048,VI/25-26/4650-248,HYDRAULIC PRESSURE,0-5 MPA,1-3 MPA,0.11,0.1 MPA,27-12-2025,28-12-2026,0.002,
CA4,CA4M21,CA4M21-PG049,VI/25-26/4650-249,SPINDLE COOLANT,0-6 MPA,1-3 MPA,0.11,0.2 MPA,27-12-2025,28-12-2026,0.002,
CA4,CA4M22,CA4M22-PG050,VI/25-26/4650-250,LUBRICATION,0-6 MPA,0.1-0.2 MPA,0.11,0.05 MPA,27-12-2025,28-12-2026,0.002,
CA4,CA4M23,CA4M23-PG051,VI/25-26/4650-251,HYDRAULIC PRESSURE,0-10 MPA,0.1-0.2 MPA,0.11,0.1 MPA,27-12-2025,28-12-2026,0.002,
CA4,CA4M24,CA4M24-PG052,VI/25-26/4650-252,COOLANT,0-1 MPA,2-5 MPA,0.11,0.2 MPA,27-12-2025,28-12-2026,0.002,
CA4,CA4M25,CA4M25-PG053,VI/25-26/4650-253,SPINDLE COOLANT,0-1 MPA,1-3 MPA,0.11,0.05 MPA,27-12-2025,28-12-2026,0.002,
CA4,CA4M26,CA4M26-PG054,VI/25-26/4650-254,AIR PRESSURE,0-5 MPA,2-5 MPA,0.11,0.1 MPA,27-12-2025,28-12-2026,0.002,
CA4,CA4M27,CA4M27-PG055,VI/25-26/4650-255,HYDRAULIC PRESSURE,0-1 MPA,1-3 MPA,0.11,0.05 MPA,27-12-2025,28-12-2026,0.002,
CA4,CA4M28,CA4M28-PG056,VI/25-26/4650-256,HYDRAULIC PRESSURE,0-6 MPA,1-3 MPA,0.11,0.2 MPA,27-12-2025,28-12-2026,0.002,
CA4,CA4M29,CA4M29-PG057,VI/25-26/4650-257,LUBRICATION,0-10 MPA,2-5 MPA,0.11,0.1 MPA,27-12-2025,28-12-2026,0.002,
CA4,CA4M01,CA4M01-PG058,VI/25-26/4650-258,LUBRICATION,0-5 MPA,0.4-0.6 MPA,0.11,0.2 MPA,27-12-2025,28-12-2026,0.002,
CA4,CA4M02,CA4M02-PG059,VI/25-26/4650-259,AIR PRESSURE,0-10 MPA,0.4-0.6 MPA,0.11,0.05 MPA,27-12-2025,28-12-2026,0.002,
CA4,CA4M03,CA4M03-PG060,VI/25-26/4650-260,SPINDLE COOLANT,0-6 MPA,1-3 MPA,0.11,0.05 MPA,27-12-2025,28-12-2026,0.002,
CA4,CA4M04,CA4M04-PG061,VI/25-26/4650-261,CLAMP UNCLAMP,0-5 MPA,2-5 MPA,0.11,0.2 MPA,27-12-2025,28-12-2026,0.002,
CA4,CA4M05,CA4M05-PG062,VI/25-26/4650-262,LUBRICATION,0-5 MPA,2-5 MPA,0.11,0.1 MPA,27-12-2025,28-12-2026,0.002,
CA4,CA4M06,CA4M06-PG063,VI/25-26/4650-263,CLAMP UNCLAMP,0-1 MPA,2-5 MPA,0.11,0.1 MPA,27-12-2025,28-12-2026,0.002,
CA4,CA4M07,CA4M07-PG064,VI/25-26/4650-264,SPINDLE COOLANT,0-6 MPA,2-5 MPA,0.11,0.2 MPA,27-12-2025,28-12-2026,0.002,
CA4,CA4M08,CA4M08-PG065,VI/25-26/4650-265,HYDRAULIC PRESSURE,0-5 MPA,1-3 MPA,0.11,0.05 MPA,27-12-2025,28-12-2026,0.002,
CA4,CA4M09,CA4M09-PG066,VI/25-26/4650-266,HYDRAULIC PRESSURE,0-1 MPA,2-5 MPA,0.11,0.2 MPA,27-12-2025,28-12-2026,0.002,
CA4,CA4M10,CA4M10-PG067,VI/25-26/4650-267,SPINDLE COOLANT,0-1 MPA,0.4-0.6 MPA,0.11,0.2 MPA,27-12-2025,28-12-2026,0.002,
CA4,CA4M11,CA4M11-PG068,VI/25-26/4650-268,SPINDLE COOLANT,0-10 MPA,2-5 MPA,0.11,0.05 MPA,27-12-2025,28-12-2026,0.002,
CA4,CA4M12,CA4M12-PG069,VI/25-26/4650-269,CLAMP UNCLAMP,0-10 MPA,2-5 MPA,0.11,0.2 MPA,27-12-2025,28-12-2026,0.002,
CA4,CA4M13,CA4M13-PG070,VI/25-26/4650-270,COOLANT,0-10 MPA,1-3 MPA,0.11,0.1 MPA,27-12-2025,28-12-2026,0.002,
CA4,CA4M14,CA4M14-PG071,VI/25-26/4650-271,AIR PRESSURE,0-6 MPA,0.4-0.6 MPA,0.11,0.2 MPA,27-12-2025,28-12-2026,0.002,
CA4,CA4M15,CA4M15-PG072,VI/25-26/4650-272,LUBRICATION,0-5 MPA,1-3 MPA,0.11,0.2 MPA,27-12-2025,28-12-2026,0.002,
CA4,CA4M16,CA4M16-PG073,VI/25-26/4650-273,LUBRICATION,0-1 MPA,0.1-0.2 MPA,0.11,0.05 MPA,27-12-2025,28-12-2026,0.002,
CA4,CA4M17,CA4M17-PG074,VI/25-26/4650-274,SPINDLE COOLANT,0-5 MPA,0.4-0.6 MPA,0.11,0.05 MPA,27-12-2025,28-12-2026,0.002,
CA4,CA4M18,CA4M18-PG075,VI/25-26/4650-275,SPINDLE COOLANT,0-6 MPA,0.4-0.6 MPA,0.11,0.2 MPA,27-12-2025,28-12-2026,0.002,
CA4,CA4M19,CA4M19-PG076,VI/25-26/4650-276,SPINDLE COOLANT,0-5 MPA,1-3 MPA,0.11,0.05 MPA,27-12-2025,28-12-2026,0.002,
CA4,CA4M20,CA4M20-PG077,VI/25-26/4650-277,CLAMP UNCLAMP,0-5 MPA,0.1-0.2 MPA,0.11,0.1 MPA,27-12-2025,28-12-2026,0.002,
CA4,CA4M21,CA4M21-PG078,VI/25-26/4650-278,SPINDLE COOLANT,0-10 MPA,0.1-0.2 MPA,0.11,0.2 MPA,27-12-2025,28-12-2026,0.002,
CA4,CA4M22,CA4M22-PG079,VI/25-26/4650-279,HYDRAULIC PRESSURE,0-1 MPA,0.1-0.2 MPA,0.11,0.05 MPA,27-12-2025,28-12-2026,0.002,
CA4,CA4M23,CA4M23-PG080,VI/25-26/4650-280,SPINDLE COOLANT,0-10 MPA,0.1-0.2 MPA,0.11,0.1 MPA,27-12-2025,28-12-2026,0.002,
CA4,CA4M24,CA4M24-PG081,VI/25-26/4650-281,COOLANT,0-6 MPA,0.4-0.6 MPA,0.11,0.1 MPA,27-12-2025,28-12-2026,0.002,
CA4,CA4M25,CA4M25-PG082,VI/25-26/4650-282,COOLANT,0-1 MPA,0.1-0.2 MPA,0.11,0.1 MPA,27-12-2025,28-12-2026,0.002,
CA4,CA4M26,CA4M26-PG083,VI/25-26/4650-283,CLAMP UNCLAMP,0-5 MPA,0.1-0.2 MPA,0.11,0.2 MPA,27-12-2025,28-12-2026,0.002,
CA4,CA4M27,CA4M27-PG084,VI/25-26/4650-284,COOLANT,0-5 MPA,1-3 MPA,0.11,0.2 MPA,27-12-2025,28-12-2026,0.002,
CA4,CA4M28,CA4M28-PG085,VI/25-26/4650-285,AIR PRESSURE,0-1 MPA,0.4-0.6 MPA,0.11,0.1 MPA,27-12-2025,28-12-2026,0.002,
CA4,CA4M29,CA4M29-PG086,VI/25-26/4650-286,CLAMP UNCLAMP,0-10 MPA,0.4-0.6 MPA,0.11,0.2 MPA,27-12-2025,28-12-2026,0.002,
CA4,CA4M01,CA4M01-PG087,VI/25-26/4650-287,AIR PRESSURE,0-1 MPA,0.4-0.6 MPA,0.11,0.2 MPA,27-12-2025,28-12-2026,0.002,
CA4,CA4M02,CA4M02-PG088,VI/25-26/4650-288,AIR PRESSURE,0-6 MPA,2-5 MPA,0.11,0.1 MPA,27-12-2025,28-12-2026,0.002,
CA4,CA4M03,CA4M03-PG089,VI/25-26/4650-289,SPINDLE COOLANT,0-1 MPA,0.1-0.2 MPA,0.11,0.05 MPA,27-12-2025,28-12-2026,0.002,
CA4,CA4M04,CA4M04-PG090,VI/25-26/4650-290,HYDRAULIC PRESSURE,0-6 MPA,0.4-0.6 MPA,0.11,0.05 MPA,27-12-2025,28-12-2026,0.002,
CA4,CA4M05,CA4M05-PG091,VI/25-26/4650-291,COOLANT,0-10 MPA,2-5 MPA,0.11,0.1 MPA,27-12-2025,28-12-2026,0.002,
CA4,CA4M06,CA4M06-PG092,VI/25-26/4650-292,AIR PRESSURE,0-1 MPA,1-3 MPA,0.11,0.05 MPA,27-12-2025,28-12-2026,0.002,
CA4,CA4M07,CA4M07-PG093,VI/25-26/4650-293,CLAMP UNCLAMP,0-6 MPA,2-5 MPA,0.11,0.2 MPA,27-12-2025,28-12-2026,0.002,
CA4,CA4M08,CA4M08-PG094,VI/25-26/4650-294,SPINDLE COOLANT,0-10 MPA,0.1-0.2 MPA,0.11,0.1 MPA,27-12-2025,28-12-2026,0.002,
CA4,CA4M09,CA4M09-PG095,VI/25-26/4650-295,SPINDLE COOLANT,0-10 MPA,2-5 MPA,0.11,0.1 MPA,27-12-2025,28-12-2026,0.002,
CA4,CA4M10,CA4M10-PG096,VI/25-26/4650-296,SPINDLE COOLANT,0-6 MPA,2-5 MPA,0.11,0.2 MPA,27-12-2025,28-12-2026,0.002,
CA4,CA4M11,CA4M11-PG097,VI/25-26/4650-297,LUBRICATION,0-10 MPA,2-5 MPA,0.11,0.05 MPA,27-12-2025,28-12-2026,0.002,
CA4,CA4M12,CA4M12-PG098,VI/25-26/4650-298,LUBRICATION,0-1 MPA,0.4-0.6 MPA,0.11,0.1 MPA,27-12-2025,28-12-2026,0.002,
CA4,CA4M13,CA4M13-PG099,VI/25-26/4650-299,SPINDLE COOLANT,0-5 MPA,0.1-0.2 MPA,0.11,0.2 MPA,27-12-2025,28-12-2026,0.002,
CA4,CA4M14,CA4M14-PG100,VI/25-26/4650-300,HYDRAULIC PRESSURE,0-1 MPA,2-5 MPA,0.11,0.2 MPA,27-12-2025,28-12-2026,0.002,
CA4,CA4M15,CA4M15-PG101,VI/25-26/4650-301,LUBRICATION,0-10 MPA,0.4-0.6 MPA,0.11,0.1 MPA,27-12-2025,28-12-2026,0.002,
CA4,CA4M16,CA4M16-PG102,VI/25-26/4650-302,SPINDLE COOLANT,0-6 MPA,0.1-0.2 MPA,0.11,0.2 MPA,27-12-2025,28-12-2026,0.002,
CA4,CA4M17,CA4M17-PG103,VI/25-26/4650-303,CLAMP UNCLAMP,0-5 MPA,2-5 MPA,0.11,0.05 MPA,27-12-2025,28-12-2026,0.002,
CA4,CA4M18,CA4M18-PG104,VI/25-26/4650-304,HYDRAULIC PRESSURE,0-1 MPA,1-3 MPA,0.11,0.2 MPA,27-12-2025,28-12-2026,0.002,
CA4,CA4M19,CA4M19-PG105,VI/25-26/4650-305,HYDRAULIC PRESSURE,0-10 MPA,0.1-0.2 MPA,0.11,0.1 MPA,27-12-2025,28-12-2026,0.002,
CA4,CA4M20,CA4M20-PG106,VI/25-26/4650-306,SPINDLE COOLANT,0-1 MPA,0.1-0.2 MPA,0.11,0.1 MPA,27-12-2025,28-12-2026,0.002,
CA4,CA4M21,CA4M21-PG107,VI/25-26/4650-307,LUBRICATION,0-10 MPA,0.1-0.2 MPA,0.11,0.05 MPA,27-12-2025,28-12-2026,0.002,
CA4,CA4M22,CA4M22-PG108,VI/25-26/4650-308,COOLANT,0-10 MPA,0.4-0.6 MPA,0.11,0.2 MPA,27-12-2025,28-12-2026,0.002,
CA4,CA4M23,CA4M23-PG109,VI/25-26/4650-309,HYDRAULIC PRESSURE,0-6 MPA,2-5 MPA,0.11,0.05 MPA,27-12-2025,28-12-2026,0.002,
CA4,CA4M24,CA4M24-PG110,VI/25-26/4650-310,AIR PRESSURE,0-6 MPA,1-3 MPA,0.11,0.05 MPA,27-12-2025,28-12-2026,0.002,
CA4,CA4M25,CA4M25-PG111,VI/25-26/4650-311,CLAMP UNCLAMP,0-1 MPA,0.1-0.2 MPA,0.11,0.2 MPA,27-12-2025,28-12-2026,0.002,
CA4,CA4M26,CA4M26-PG112,VI/25-26/4650-312,AIR PRESSURE,0-6 MPA,0.4-0.6 MPA,0.11,0.1 MPA,27-12-2025,28-12-2026,0.002,
CA4,CA4M27,CA4M27-PG113,VI/25-26/4650-313,HYDRAULIC PRESSURE,0-5 MPA,0.4-0.6 MPA,0.11,0.1 MPA,27-12-2025,28-12-2026,0.002,
CA4,CA4M28,CA4M28-PG114,VI/25-26/4650-314,LUBRICATION,0-10 MPA,1-3 MPA,0.11,0.1 MPA,27-12-2025,28-12-2026,0.002,
CA4,CA4M29,CA4M29-PG115,VI/25-26/4650-315,AIR PRESSURE,0-1 MPA,1-3 MPA,0.11,0.1 MPA,27-12-2025,28-12-2026,0.002,
CA4,CA4M01,CA4M01-PG116,VI/25-26/4650-316,AIR PRESSURE,0-1 MPA,2-5 MPA,0.11,0.2 MPA,27-12-2025,28-12-2026,0.002,
CA4,CA4M02,CA4M02-PG117,VI/25-26/4650-317,CLAMP UNCLAMP,0-1 MPA,1-3 MPA,0.11,0.2 MPA,27-12-2025,28-12-2026,0.002,
CA4,CA4M03,CA4M03-PG118,VI/25-26/4650-318,HYDRAULIC PRESSURE,0-6 MPA,1-3 MPA,0.11,0.1 MPA,27-12-2025,28-12-2026,0.002,
CA4,CA4M04,CA4M04-PG119,VI/25-26/4650-319,SPINDLE COOLANT,0-5 MPA,0.1-0.2 MPA,0.11,0.2 MPA,27-12-2025,28-12-2026,0.002,
CA4,CA4M05,CA4M05-PG120,VI/25-26/4650-320,AIR PRESSURE,0-1 MPA,0.1-0.2 MPA,0.11,0.2 MPA,27-12-2025,28-12-2026,0.002,
CA4,CA4M06,CA4M06-PG121,VI/25-26/4650-321,SPINDLE COOLANT,0-10 MPA,0.4-0.6 MPA,0.11,0.1 MPA,27-12-2025,28-12-2026,0.002,
CA4,CA4M07,CA4M07-PG122,VI/25-26/4650-322,COOLANT,0-10 MPA,1-3 MPA,0.11,0.1 MPA,27-12-2025,28-12-2026,0.002,
CA4,CA4M08,CA4M08-PG123,VI/25-26/4650-323,HYDRAULIC PRESSURE,0-5 MPA,2-5 MPA,0.11,0.2 MPA,27-12-2025,28-12-2026,0.002,
CA4,CA4M09,CA4M09-PG124,VI/25-26/4650-324,AIR PRESSURE,0-5 MPA,0.1-0.2 MPA,0.11,0.2 MPA,27-12-2025,28-12-2026,0.002,
CA4,CA4M10,CA4M10-PG125,VI/25-26/4650-325,HYDRAULIC PRESSURE,0-1 MPA,2-5 MPA,0.11,0.05 MPA,27-12-2025,28-12-2026,0.002,
CA4,CA4M11,CA4M11-PG126,VI/25-26/4650-326,COOLANT,0-6 MPA,0.1-0.2 MPA,0.11,0.1 MPA,27-12-2025,28-12-2026,0.002,
CA4,CA4M12,CA4M12-PG127,VI/25-26/4650-327,HYDRAULIC PRESSURE,0-6 MPA,0.4-0.6 MPA,0.11,0.2 MPA,27-12-2025,28-12-2026,0.002,
CA4,CA4M13,CA4M13-PG128,VI/25-26/4650-328,AIR PRESSURE,0-1 MPA,0.4-0.6 MPA,0.11,0.05 MPA,27-12-2025,28-12-2026,0.002,
CA4,CA4M14,CA4M14-PG129,VI/25-26/4650-329,COOLANT,0-1 MPA,0.1-0.2 MPA,0.11,0.05 MPA,27-12-2025,28-12-2026,0.002,
CA4,CA4M15,CA4M15-PG130,VI/25-26/4650-330,CLAMP UNCLAMP,0-1 MPA,1-3 MPA,0.11,0.1 MPA,27-12-2025,28-12-2026,0.002,
CA4,CA4M16,CA4M16-PG131,VI/25-26/4650-331,CLAMP UNCLAMP,0-5 MPA,0.4-0.6 MPA,0.11,0.05 MPA,27-12-2025,28-12-2026,0.002,
CA4,CA4M17,CA4M17-PG132,VI/25-26/4650-332,SPINDLE COOLANT,0-5 MPA,2-5 MPA,0.11,0.2 MPA,27-12-2025,28-12-2026,0.002,
CA4,CA4M18,CA4M18-PG133,VI/25-26/4650-333,AIR PRESSURE,0-6 MPA,0.1-0.2 MPA,0.11,0.1 MPA,27-12-2025,28-12-2026,0.002,
CA4,CA4M19,CA4M19-PG134,VI/25-26/4650-334,AIR PRESSURE,0-5 MPA,1-3 MPA,0.11,0.05 MPA,27-12-2025,28-12-2026,0.002,
CA4,CA4M20,CA4M20-PG135,VI/25-26/4650-335,COOLANT,0-1 MPA,0.1-0.2 MPA,0.11,0.2 MPA,27-12-2025,28-12-2026,0.002,
CA4,CA4M21,CA4M21-PG136,VI/25-26/4650-336,COOLANT,0-5 MPA,0.1-0.2 MPA,0.11,0.2 MPA,27-12-2025,28-12-2026,0.002,
CA4,CA4M22,CA4M22-PG137,VI/25-26/4650-337,LUBRICATION,0-6 MPA,1-3 MPA,0.11,0.1 MPA,27-12-2025,28-12-2026,0.002,
CA4,CA4M23,CA4M23-PG138,VI/25-26/4650-338,AIR PRESSURE,0-5 MPA,0.1-0.2 MPA,0.11,0.1 MPA,27-12-2025,28-12-2026,0.002,
CA4,CA4M24,CA4M24-PG139,VI/25-26/4650-339,COOLANT,0-6 MPA,0.4-0.6 MPA,0.11,0.2 MPA,27-12-2025,28-12-2026,0.002,
CA4,CA4M25,CA4M25-PG140,VI/25-26/4650-340,SPINDLE COOLANT,0-6 MPA,2-5 MPA,0.11,0.2 MPA,27-12-2025,28-12-2026,0.002,
CA4,CA4M26,CA4M26-PG141,VI/25-26/4650-341,HYDRAULIC PRESSURE,0-6 MPA,0.1-0.2 MPA,0.11,0.1 MPA,27-12-2025,28-12-2026,0.002,
CA4,CA4M27,CA4M27-PG142,VI/25-26/4650-342,AIR PRESSURE,0-1 MPA,0.1-0.2 MPA,0.11,0.1 MPA,27-12-2025,28-12-2026,0.002,
CA4,CA4M28,CA4M28-PG143,VI/25-26/4650-343,LUBRICATION,0-5 MPA,2-5 MPA,0.11,0.05 MPA,27-12-2025,28-12-2026,0.002,
CA4,CA4M29,CA4M29-PG144,VI/25-26/4650-344,CLAMP UNCLAMP,0-6 MPA,0.1-0.2 MPA,0.11,0.05 MPA,27-12-2025,28-12-2026,0.002,
CA4,CA4M01,CA4M01-PG145,VI/25-26/4650-345,CLAMP UNCLAMP,0-1 MPA,1-3 MPA,0.11,0.2 MPA,27-12-2025,28-12-2026,0.002,
CA4,CA4M02,CA4M02-PG146,VI/25-26/4650-346,CLAMP UNCLAMP,0-6 MPA,2-5 MPA,0.11,0.05 MPA,27-12-2025,28-12-2026,0.002,
CA4,CA4M03,CA4M03-PG147,VI/25-26/4650-347,SPINDLE COOLANT,0-1 MPA,0.4-0.6 MPA,0.11,0.05 MPA,27-12-2025,28-12-2026,0.002,
CA4,CA4M04,CA4M04-PG148,VI/25-26/4650-348,COOLANT,0-10 MPA,0.1-0.2 MPA,0.11,0.1 MPA,27-12-2025,28-12-2026,0.002,
CA4,CA4M05,CA4M05-PG149,VI/25-26/4650-349,CLAMP UNCLAMP,0-6 MPA,2-5 MPA,0.11,0.2 MPA,27-12-2025,28-12-2026,0.002,
CA4,CA4M06,CA4M06-PG150,VI/25-26/4650-350,HYDRAULIC PRESSURE,0-10 MPA,0.1-0.2 MPA,0.11,0.1 MPA,27-12-2025,28-12-2026,0.002,
CA4,CA4M07,CA4M07-PG151,VI/25-26/4650-351,HYDRAULIC PRESSURE,0-6 MPA,0.4-0.6 MPA,0.11,0.1 MPA,27-12-2025,28-12-2026,0.002,
CA4,CA4M08,CA4M08-PG152,VI/25-26/4650-352,COOLANT,0-10 MPA,2-5 MPA,0.11,0.05 MPA,27-12-2025,28-12-2026,0.002,
CA4,CA4M09,CA4M09-PG153,VI/25-26/4650-353,CLAMP UNCLAMP,0-1 MPA,0.1-0.2 MPA,0.11,0.1 MPA,27-12-2025,28-12-2026,0.002,
CA4,CA4M10,CA4M10-PG154,VI/25-26/4650-354,CLAMP UNCLAMP,0-5 MPA,0.1-0.2 MPA,0.11,0.05 MPA,27-12-2025,28-12-2026,0.002,
CA4,CA4M11,CA4M11-PG155,VI/25-26/4650-355,COOLANT,0-10 MPA,0.1-0.2 MPA,0.11,0.1 MPA,27-12-2025,28-12-2026,0.002,
CA4,CA4M12,CA4M12-PG156,VI/25-26/4650-356,COOLANT,0-10 MPA,0.4-0.6 MPA,0.11,0.1 MPA,27-12-2025,28-12-2026,0.002,
CA4,CA4M13,CA4M13-PG157,VI/25-26/4650-357,COOLANT,0-6 MPA,2-5 MPA,0.11,0.05 MPA,27-12-2025,28-12-2026,0.002,
CA4,CA4M14,CA4M14-PG158,VI/25-26/4650-358,COOLANT,0-5 MPA,0.4-0.6 MPA,0.11,0.2 MPA,27-12-2025,28-12-2026,0.002,
CA4,CA4M15,CA4M15-PG159,VI/25-26/4650-359,HYDRAULIC PRESSURE,0-5 MPA,1-3 MPA,0.11,0.1 MPA,27-12-2025,28-12-2026,0.002,
CA4,CA4M16,CA4M16-PG160,VI/25-26/4650-360,AIR PRESSURE,0-10 MPA,0.1-0.2 MPA,0.11,0.05 MPA,27-12-2025,28-12-2026,0.002,
CA4,CA4M17,CA4M17-PG161,VI/25-26/4650-361,SPINDLE COOLANT,0-10 MPA,1-3 MPA,0.11,0.05 MPA,27-12-2025,28-12-2026,0.002,
CA4,CA4M18,CA4M18-PG162,VI/25-26/4650-362,LUBRICATION,0-10 MPA,0.1-0.2 MPA,0.11,0.05 MPA,27-12-2025,28-12-2026,0.002,
CA4,CA4M19,CA4M19-PG163,VI/25-26/4650-363,LUBRICATION,0-1 MPA,0.1-0.2 MPA,0.11,0.05 MPA,27-12-2025,28-12-2026,0.002,
CA4,CA4M20,CA4M20-PG164,VI/25-26/4650-364,HYDRAULIC PRESSURE,0-5 MPA,0.1-0.2 MPA,0.11,0.2 MPA,27-12-2025,28-12-2026,0.002,
CA4,CA4M21,CA4M21-PG165,VI/25-26/4650-365,AIR PRESSURE,0-1 MPA,0.1-0.2 MPA,0.11,0.1 MPA,27-12-2025,28-12-2026,0.002,
CA4,CA4M22,CA4M22-PG166,VI/25-26/4650-366,AIR PRESSURE,0-1 MPA,1-3 MPA,0.11,0.05 MPA,27-12-2025,28-12-2026,0.002,
CA4,CA4M23,CA4M23-PG167,VI/25-26/4650-367,SPINDLE COOLANT,0-6 MPA,2-5 MPA,0.11,0.2 MPA,27-12-2025,28-12-2026,0.002,
CA4,CA4M24,CA4M24-PG168,VI/25-26/4650-368,LUBRICATION,0-6 MPA,0.1-0.2 MPA,0.11,0.1 MPA,27-12-2025,28-12-2026,0.002,
CA4,CA4M25,CA4M25-PG169,VI/25-26/4650-369,HYDRAULIC PRESSURE,0-1 MPA,0.4-0.6 MPA,0.11,0.05 MPA,27-12-2025,28-12-2026,0.002,
CA4,CA4M26,CA4M26-PG170,VI/25-26/4650-370,SPINDLE COOLANT,0-1 MPA,2-5 MPA,0.11,0.2 MPA,27-12-2025,28-12-2026,0.002,
CA4,CA4M27,CA4M27-PG171,VI/25-26/4650-371,LUBRICATION,0-1 MPA,0.1-0.2 MPA,0.11,0.2 MPA,27-12-2025,28-12-2026,0.002,
CA4,CA4M28,CA4M28-PG172,VI/25-26/4650-372,CLAMP UNCLAMP,0-10 MPA,2-5 MPA,0.11,0.1 MPA,27-12-2025,28-12-2026,0.002,
CA4,CA4M29,CA4M29-PG173,VI/25-26/4650-373,LUBRICATION,0-6 MPA,0.1-0.2 MPA,0.11,0.1 MPA,27-12-2025,28-12-2026,0.002,
CA4,CA4M01,CA4M01-PG174,VI/25-26/4650-374,HYDRAULIC PRESSURE,0-10 MPA,1-3 MPA,0.11,0.05 MPA,27-12-2025,28-12-2026,0.002,
CA4,CA4M02,CA4M02-PG175,VI/25-26/4650-375,CLAMP UNCLAMP,0-1 MPA,0.1-0.2 MPA,0.11,0.05 MPA,27-12-2025,28-12-2026,0.002,
CA4,CA4M03,CA4M03-PG176,VI/25-26/4650-376,CLAMP UNCLAMP,0-10 MPA,1-3 MPA,0.11,0.1 MPA,27-12-2025,28-12-2026,0.002,
CA4,CA4M04,CA4M04-PG177,VI/25-26/4650-377,AIR PRESSURE,0-10 MPA,1-3 MPA,0.11,0.1 MPA,27-12-2025,28-12-2026,0.002,
CA4,CA4M05,CA4M05-PG178,VI/25-26/4650-378,CLAMP UNCLAMP,0-10 MPA,0.1-0.2 MPA,0.11,0.05 MPA,27-12-2025,28-12-2026,0.002,
CA4,CA4M06,CA4M06-PG179,VI/25-26/4650-379,COOLANT,0-6 MPA,0.4-0.6 MPA,0.11,0.1 MPA,27-12-2025,28-12-2026,0.002,
CA4,CA4M07,CA4M07-PG180,VI/25-26/4650-380,LUBRICATION,0-6 MPA,0.1-0.2 MPA,0.11,0.2 MPA,27-12-2025,28-12-2026,0.002,
CA4,CA4M08,CA4M08-PG181,VI/25-26/4650-381,AIR PRESSURE,0-1 MPA,0.1-0.2 MPA,0.11,0.1 MPA,27-12-2025,28-12-2026,0.002,
CA4,CA4M09,CA4M09-PG182,VI/25-26/4650-382,SPINDLE COOLANT,0-5 MPA,0.1-0.2 MPA,0.11,0.1 MPA,27-12-2025,28-12-2026,0.002,
CA4,CA4M10,CA4M10-PG183,VI/25-26/4650-383,AIR PRESSURE,0-10 MPA,0.1-0.2 MPA,0.11,0.1 MPA,27-12-2025,28-12-2026,0.002,
CA4,CA4M11,CA4M11-PG184,VI/25-26/4650-384,LUBRICATION,0-6 MPA,0.4-0.6 MPA,0.11,0.2 MPA,27-12-2025,28-12-2026,0.002,
CA4,CA4M12,CA4M12-PG185,VI/25-26/4650-385,SPINDLE COOLANT,0-6 MPA,1-3 MPA,0.11,0.2 MPA,27-12-2025,28-12-2026,0.002,
CA4,CA4M13,CA4M13-PG186,VI/25-26/4650-386,SPINDLE COOLANT,0-10 MPA,2-5 MPA,0.11,0.1 MPA,27-12-2025,28-12-2026,0.002,
CA4,CA4M14,CA4M14-PG187,VI/25-26/4650-387,HYDRAULIC PRESSURE,0-6 MPA,0.4-0.6 MPA,0.11,0.1 MPA,27-12-2025,28-12-2026,0.002,
CA4,CA4M15,CA4M15-PG188,VI/25-26/4650-388,AIR PRESSURE,0-10 MPA,2-5 MPA,0.11,0.05 MPA,27-12-2025,28-12-2026,0.002,
CA4,CA4M16,CA4M16-PG189,VI/25-26/4650-389,CLAMP UNCLAMP,0-5 MPA,1-3 MPA,0.11,0.2 MPA,27-12-2025,28-12-2026,0.002,
CA4,CA4M17,CA4M17-PG190,VI/25-26/4650-390,SPINDLE COOLANT,0-6 MPA,1-3 MPA,0.11,0.05 MPA,27-12-2025,28-12-2026,0.002,
CA4,CA4M18,CA4M18-PG191,VI/25-26/4650-391,LUBRICATION,0-10 MPA,1-3 MPA,0.11,0.05 MPA,27-12-2025,28-12-2026,0.002,
CA4,CA4M19,CA4M19-PG192,VI/25-26/4650-392,SPINDLE COOLANT,0-10 MPA,2-5 MPA,0.11,0.2 MPA,27-12-2025,28-12-2026,0.002,
CA4,CA4M20,CA4M20-PG193,VI/25-26/4650-393,HYDRAULIC PRESSURE,0-5 MPA,0.1-0.2 MPA,0.11,0.2 MPA,27-12-2025,28-12-2026,0.002,
CA4,CA4M21,CA4M21-PG194,VI/25-26/4650-394,CLAMP UNCLAMP,0-10 MPA,0.1-0.2 MPA,0.11,0.2 MPA,27-12-2025,28-12-2026,0.002,
CA4,CA4M22,CA4M22-PG195,VI/25-26/4650-395,HYDRAULIC PRESSURE,0-10 MPA,0.4-0.6 MPA,0.11,0.05 MPA,27-12-2025,28-12-2026,0.002,
CA4,CA4M23,CA4M23-PG196,VI/25-26/4650-396,SPINDLE COOLANT,0-5 MPA,0.1-0.2 MPA,0.11,0.2 MPA,27-12-2025,28-12-2026,0.002,
CA4,CA4M24,CA4M24-PG197,VI/25-26/4650-397,LUBRICATION,0-1 MPA,2-5 MPA,0.11,0.05 MPA,27-12-2025,28-12-2026,0.002,
CA4,CA4M25,CA4M25-PG198,VI/25-26/4650-398,AIR PRESSURE,0-5 MPA,0.4-0.6 MPA,0.11,0.2 MPA,27-12-2025,28-12-2026,0.002,
CA4,CA4M26,CA4M26-PG199,VI/25-26/4650-399,AIR PRESSURE,0-10 MPA,0.4-0.6 MPA,0.11,0.2 MPA,27-12-2025,28-12-2026,0.002,
CA4,CA4M27,CA4M27-PG200,VI/25-26/4650-400,AIR PRESSURE,0-6 MPA,0.4-0.6 MPA,0.11,0.1 MPA,27-12-2025,28-12-2026,0.002,
CA4,CA4M28,CA4M28-PG201,VI/25-26/4650-401,AIR PRESSURE,0-1 MPA,2-5 MPA,0.11,0.2 MPA,27-12-2025,28-12-2026,0.002,
CA4,CA4M29,CA4M29-PG202,VI/25-26/4650-402,AIR PRESSURE,0-1 MPA,2-5 MPA,0.11,0.1 MPA,27-12-2025,28-12-2026,0.002,
CA4,CA4M01,CA4M01-PG203,VI/25-26/4650-403,COOLANT,0-10 MPA,0.4-0.6 MPA,0.11,0.05 MPA,27-12-2025,28-12-2026,0.002,
CA4,CA4M02,CA4M02-PG204,VI/25-26/4650-404,CLAMP UNCLAMP,0-1 MPA,1-3 MPA,0.11,0.05 MPA,27-12-2025,28-12-2026,0.002,
CA4,CA4M03,CA4M03-PG205,VI/25-26/4650-405,HYDRAULIC PRESSURE,0-10 MPA,1-3 MPA,0.11,0.05 MPA,27-12-2025,28-12-2026,0.002,
CA4,CA4M04,CA4M04-PG206,VI/25-26/4650-406,AIR PRESSURE,0-1 MPA,2-5 MPA,0.11,0.1 MPA,27-12-2025,28-12-2026,0.002,
CA4,CA4M05,CA4M05-PG207,VI/25-26/4650-407,CLAMP UNCLAMP,0-10 MPA,0.4-0.6 MPA,0.11,0.05 MPA,27-12-2025,28-12-2026,0.002,
CA4,CA4M06,CA4M06-PG208,VI/25-26/4650-408,SPINDLE COOLANT,0-6 MPA,2-5 MPA,0.11,0.05 MPA,27-12-2025,28-12-2026,0.002,
CA4,CA4M07,CA4M07-PG209,VI/25-26/4650-409,AIR PRESSURE,0-10 MPA,0.4-0.6 MPA,0.11,0.05 MPA,27-12-2025,28-12-2026,0.002,
CA4,CA4M08,CA4M08-PG210,VI/25-26/4650-410,COOLANT,0-10 MPA,0.1-0.2 MPA,0.11,0.05 MPA,27-12-2025,28-12-2026,0.002,
CA4,CA4M09,CA4M09-PG211,VI/25-26/4650-411,AIR PRESSURE,0-1 MPA,0.1-0.2 MPA,0.11,0.2 MPA,27-12-2025,28-12-2026,0.002,
CA4,CA4M10,CA4M10-PG212,VI/25-26/4650-412,COOLANT,0-1 MPA,1-3 MPA,0.11,0.2 MPA,27-12-2025,28-12-2026,0.002,
CA4,CA4M11,CA4M11-PG213,VI/25-26/4650-413,CLAMP UNCLAMP,0-6 MPA,0.1-0.2 MPA,0.11,0.05 MPA,27-12-2025,28-12-2026,0.002,
CA4,CA4M12,CA4M12-PG214,VI/25-26/4650-414,CLAMP UNCLAMP,0-6 MPA,2-5 MPA,0.11,0.1 MPA,27-12-2025,28-12-2026,0.002,
CA4,CA4M13,CA4M13-PG215,VI/25-26/4650-415,HYDRAULIC PRESSURE,0-10 MPA,0.4-0.6 MPA,0.11,0.1 MPA,27-12-2025,28-12-2026,0.002,
CA4,CA4M14,CA4M14-PG216,VI/25-26/4650-416,LUBRICATION,0-6 MPA,1-3 MPA,0.11,0.2 MPA,27-12-2025,28-12-2026,0.002,
CA4,CA4M15,CA4M15-PG217,VI/25-26/4650-417,SPINDLE COOLANT,0-1 MPA,2-5 MPA,0.11,0.2 MPA,27-12-2025,28-12-2026,0.002,
CA4,CA4M16,CA4M16-PG218,VI/25-26/4650-418,COOLANT,0-5 MPA,0.1-0.2 MPA,0.11,0.05 MPA,27-12-2025,28-12-2026,0.002,
CA4,CA4M17,CA4M17-PG219,VI/25-26/4650-419,CLAMP UNCLAMP,0-1 MPA,0.4-0.6 MPA,0.11,0.1 MPA,27-12-2025,28-12-2026,0.002,
CA4,CA4M18,CA4M18-PG220,VI/25-26/4650-420,SPINDLE COOLANT,0-6 MPA,1-3 MPA,0.11,0.2 MPA,27-12-2025,28-12-2026,0.002,
CA4,CA4M19,CA4M19-PG221,VI/25-26/4650-421,LUBRICATION,0-6 MPA,0.1-0.2 MPA,0.11,0.1 MPA,27-12-2025,28-12-2026,0.002,
CA4,CA4M20,CA4M20-PG222,VI/25-26/4650-422,HYDRAULIC PRESSURE,0-10 MPA,0.1-0.2 MPA,0.11,0.1 MPA,27-12-2025,28-12-2026,0.002,
CA4,CA4M21,CA4M21-PG223,VI/25-26/4650-423,HYDRAULIC PRESSURE,0-5 MPA,0.4-0.6 MPA,0.11,0.05 MPA,27-12-2025,28-12-2026,0.002,
CA4,CA4M22,CA4M22-PG224,VI/25-26/4650-424,HYDRAULIC PRESSURE,0-10 MPA,0.1-0.2 MPA,0.11,0.05 MPA,27-12-2025,28-12-2026,0.002,
CA4,CA4M23,CA4M23-PG225,VI/25-26/4650-425,CLAMP UNCLAMP,0-10 MPA,1-3 MPA,0.11,0.2 MPA,27-12-2025,28-12-2026,0.002,
CA4,CA4M24,CA4M24-PG226,VI/25-26/4650-426,AIR PRESSURE,0-6 MPA,0.1-0.2 MPA,0.11,0.1 MPA,27-12-2025,28-12-2026,0.002,
CA4,CA4M25,CA4M25-PG227,VI/25-26/4650-427,LUBRICATION,0-5 MPA,2-5 MPA,0.11,0.05 MPA,27-12-2025,28-12-2026,0.002,
CA4,CA4M26,CA4M26-PG228,VI/25-26/4650-428,AIR PRESSURE,0-1 MPA,0.4-0.6 MPA,0.11,0.2 MPA,27-12-2025,28-12-2026,0.002,
CA4,CA4M27,CA4M27-PG229,VI/25-26/4650-429,CLAMP UNCLAMP,0-10 MPA,2-5 MPA,0.11,0.1 MPA,27-12-2025,28-12-2026,0.002,
CA4,CA4M28,CA4M28-PG230,VI/25-26/4650-430,HYDRAULIC PRESSURE,0-10 MPA,2-5 MPA,0.11,0.2 MPA,27-12-2025,28-12-2026,0.002,
CA4,CA4M29,CA4M29-PG231,VI/25-26/4650-431,LUBRICATION,0-1 MPA,2-5 MPA,0.11,0.1 MPA,27-12-2025,28-12-2026,0.002,
CA4,CA4M01,CA4M01-PG232,VI/25-26/4650-432,LUBRICATION,0-6 MPA,1-3 MPA,0.11,0.05 MPA,27-12-2025,28-12-2026,0.002,
CA4,CA4M02,CA4M02-PG233,VI/25-26/4650-433,CLAMP UNCLAMP,0-1 MPA,0.1-0.2 MPA,0.11,0.05 MPA,27-12-2025,28-12-2026,0.002,
CA4,CA4M03,CA4M03-PG234,VI/25-26/4650-434,HYDRAULIC PRESSURE,0-1 MPA,0.1-0.2 MPA,0.11,0.1 MPA,27-12-2025,28-12-2026,0.002,
CA4,CA4M04,CA4M04-PG235,VI/25-26/4650-435,HYDRAULIC PRESSURE,0-1 MPA,2-5 MPA,0.11,0.1 MPA,27-12-2025,28-12-2026,0.002,
CA4,CA4M05,CA4M05-PG236,VI/25-26/4650-436,LUBRICATION,0-6 MPA,2-5 MPA,0.11,0.05 MPA,27-12-2025,28-12-2026,0.002,
CA4,CA4M06,CA4M06-PG237,VI/25-26/4650-437,COOLANT,0-6 MPA,2-5 MPA,0.11,0.1 MPA,27-12-2025,28-12-2026,0.002,
CA4,CA4M07,CA4M07-PG238,VI/25-26/4650-438,CLAMP UNCLAMP,0-10 MPA,0.1-0.2 MPA,0.11,0.2 MPA,27-12-2025,28-12-2026,0.002,
CA4,CA4M08,CA4M08-PG239,VI/25-26/4650-439,SPINDLE COOLANT,0-1 MPA,2-5 MPA,0.11,0.1 MPA,27-12-2025,28-12-2026,0.002,
CA4,CA4M09,CA4M09-PG240,VI/25-26/4650-440,LUBRICATION,0-6 MPA,0.1-0.2 MPA,0.11,0.1 MPA,27-12-2025,28-12-2026,0.002,
CA4,CA4M10,CA4M10-PG241,VI/25-26/4650-441,AIR PRESSURE,0-6 MPA,2-5 MPA,0.11,0.05 MPA,27-12-2025,28-12-2026,0.002,
CA4,CA4M11,CA4M11-PG242,VI/25-26/4650-442,COOLANT,0-10 MPA,1-3 MPA,0.11,0.1 MPA,27-12-2025,28-12-2026,0.002,
CA4,CA4M12,CA4M12-PG243,VI/25-26/4650-443,SPINDLE COOLANT,0-5 MPA,0.1-0.2 MPA,0.11,0.1 MPA,27-12-2025,28-12-2026,0.002,
CA4,CA4M13,CA4M13-PG244,VI/25-26/4650-444,LUBRICATION,0-6 MPA,2-5 MPA,0.11,0.2 MPA,27-12-2025,28-12-2026,0.002,
CA4,CA4M14,CA4M14-PG245,VI/25-26/4650-445,COOLANT,0-6 MPA,1-3 MPA,0.11,0.05 MPA,27-12-2025,28-12-2026,0.002,
CA4,CA4M15,CA4M15-PG246,VI/25-26/4650-446,SPINDLE COOLANT,0-10 MPA,2-5 MPA,0.11,0.05 MPA,27-12-2025,28-12-2026,0.002,
CA4,CA4M16,CA4M16-PG247,VI/25-26/4650-447,CLAMP UNCLAMP,0-1 MPA,0.4-0.6 MPA,0.11,0.2 MPA,27-12-2025,28-12-2026,0.002,
CA4,CA4M17,CA4M17-PG248,VI/25-26/4650-448,SPINDLE COOLANT,0-10 MPA,1-3 MPA,0.11,0.05 MPA,27-12-2025,28-12-2026,0.002,
CA4,CA4M18,CA4M18-PG249,VI/25-26/4650-449,CLAMP UNCLAMP,0-6 MPA,0.1-0.2 MPA,0.11,0.1 MPA,27-12-2025,28-12-2026,0.002,
CA4,CA4M19,CA4M19-PG250,VI/25-26/4650-450,HYDRAULIC PRESSURE,0-5 MPA,2-5 MPA,0.11,0.1 MPA,27-12-2025,28-12-2026,0.002,
CA4,CA4M20,CA4M20-PG251,VI/25-26/4650-451,AIR PRESSURE,0-1 MPA,0.4-0.6 MPA,0.11,0.1 MPA,27-12-2025,28-12-2026,0.002,
CA4,CA4M21,CA4M21-PG252,VI/25-26/4650-452,COOLANT,0-5 MPA,2-5 MPA,0.11,0.05 MPA,27-12-2025,28-12-2026,0.002,
CA4,CA4M22,CA4M22-PG253,VI/25-26/4650-453,LUBRICATION,0-10 MPA,1-3 MPA,0.11,0.05 MPA,27-12-2025,28-12-2026,0.002,
CA4,CA4M23,CA4M23-PG254,VI/25-26/4650-454,HYDRAULIC PRESSURE,0-6 MPA,1-3 MPA,0.11,0.05 MPA,27-12-2025,28-12-2026,0.002,
CA4,CA4M24,CA4M24-PG255,VI/25-26/4650-455,AIR PRESSURE,0-6 MPA,1-3 MPA,0.11,0.1 MPA,27-12-2025,28-12-2026,0.002,
CA4,CA4M25,CA4M25-PG256,VI/25-26/4650-456,COOLANT,0-10 MPA,1-3 MPA,0.11,0.05 MPA,27-12-2025,28-12-2026,0.002,
CA4,CA4M26,CA4M26-PG257,VI/25-26/4650-457,CLAMP UNCLAMP,0-10 MPA,2-5 MPA,0.11,0.05 MPA,27-12-2025,28-12-2026,0.002,
CA4,CA4M27,CA4M27-PG258,VI/25-26/4650-458,LUBRICATION,0-1 MPA,2-5 MPA,0.11,0.1 MPA,27-12-2025,28-12-2026,0.002,
CA4,CA4M28,CA4M28-PG259,VI/25-26/4650-459,LUBRICATION,0-10 MPA,1-3 MPA,0.11,0.1 MPA,27-12-2025,28-12-2026,0.002,
CA4,CA4M29,CA4M29-PG260,VI/25-26/4650-460,CLAMP UNCLAMP,0-10 MPA,0.1-0.2 MPA,0.11,0.1 MPA,27-12-2025,28-12-2026,0.002,
CA4,CA4M01,CA4M01-PG261,VI/25-26/4650-461,CLAMP UNCLAMP,0-5 MPA,1-3 MPA,0.11,0.05 MPA,27-12-2025,28-12-2026,0.002,
CA4,CA4M02,CA4M02-PG262,VI/25-26/4650-462,AIR PRESSURE,0-5 MPA,1-3 MPA,0.11,0.05 MPA,27-12-2025,28-12-2026,0.002,
CA4,CA4M03,CA4M03-PG263,VI/25-26/4650-463,CLAMP UNCLAMP,0-1 MPA,0.4-0.6 MPA,0.11,0.2 MPA,27-12-2025,28-12-2026,0.002,
CA4,CA4M04,CA4M04-PG264,VI/25-26/4650-464,AIR PRESSURE,0-10 MPA,1-3 MPA,0.11,0.2 MPA,27-12-2025,28-12-2026,0.002,
CA4,CA4M05,CA4M05-PG265,VI/25-26/4650-465,HYDRAULIC PRESSURE,0-5 MPA,0.4-0.6 MPA,0.11,0.1 MPA,27-12-2025,28-12-2026,0.002,
CA4,CA4M06,CA4M06-PG266,VI/25-26/4650-466,AIR PRESSURE,0-1 MPA,2-5 MPA,0.11,0.2 MPA,27-12-2025,28-12-2026,0.002,
CA4,CA4M07,CA4M07-PG267,VI/25-26/4650-467,SPINDLE COOLANT,0-10 MPA,0.1-0.2 MPA,0.11,0.05 MPA,27-12-2025,28-12-2026,0.002,
CA4,CA4M08,CA4M08-PG268,VI/25-26/4650-468,SPINDLE COOLANT,0-6 MPA,0.1-0.2 MPA,0.11,0.1 MPA,27-12-2025,28-12-2026,0.002,
CA4,CA4M09,CA4M09-PG269,VI/25-26/4650-469,CLAMP UNCLAMP,0-6 MPA,0.4-0.6 MPA,0.11,0.1 MPA,27-12-2025,28-12-2026,0.002,
CA4,CA4M10,CA4M10-PG270,VI/25-26/4650-470,HYDRAULIC PRESSURE,0-10 MPA,0.1-0.2 MPA,0.11,0.2 MPA,27-12-2025,28-12-2026,0.002,
CA4,CA4M11,CA4M11-PG271,VI/25-26/4650-471,CLAMP UNCLAMP,0-10 MPA,0.4-0.6 MPA,0.11,0.1 MPA,27-12-2025,28-12-2026,0.002,
CA4,CA4M12,CA4M12-PG272,VI/25-26/4650-472,SPINDLE COOLANT,0-5 MPA,0.1-0.2 MPA,0.11,0.1 MPA,27-12-2025,28-12-2026,0.002,
CA4,CA4M13,CA4M13-PG273,VI/25-26/4650-473,SPINDLE COOLANT,0-6 MPA,1-3 MPA,0.11,0.05 MPA,27-12-2025,28-12-2026,0.002,
CA4,CA4M14,CA4M14-PG274,VI/25-26/4650-474,AIR PRESSURE,0-10 MPA,0.1-0.2 MPA,0.11,0.1 MPA,27-12-2025,28-12-2026,0.002,
CA4,CA4M15,CA4M15-PG275,VI/25-26/4650-475,COOLANT,0-1 MPA,0.4-0.6 MPA,0.11,0.2 MPA,27-12-2025,28-12-2026,0.002,
CA4,CA4M16,CA4M16-PG276,VI/25-26/4650-476,HYDRAULIC PRESSURE,0-1 MPA,0.4-0.6 MPA,0.11,0.05 MPA,27-12-2025,28-12-2026,0.002,
CA4,CA4M17,CA4M17-PG277,VI/25-26/4650-477,HYDRAULIC PRESSURE,0-6 MPA,2-5 MPA,0.11,0.2 MPA,27-12-2025,28-12-2026,0.002,
CA4,CA4M18,CA4M18-PG278,VI/25-26/4650-478,CLAMP UNCLAMP,0-6 MPA,2-5 MPA,0.11,0.05 MPA,27-12-2025,28-12-2026,0.002,
CA4,CA4M19,CA4M19-PG279,VI/25-26/4650-479,LUBRICATION,0-10 MPA,2-5 MPA,0.11,0.2 MPA,27-12-2025,28-12-2026,0.002,
CA4,CA4M20,CA4M20-PG280,VI/25-26/4650-480,LUBRICATION,0-1 MPA,0.4-0.6 MPA,0.11,0.1 MPA,27-12-2025,28-12-2026,0.002,
CA4,CA4M21,CA4M21-PG281,VI/25-26/4650-481,CLAMP UNCLAMP,0-6 MPA,1-3 MPA,0.11,0.2 MPA,27-12-2025,28-12-2026,0.002,
CA4,CA4M22,CA4M22-PG282,VI/25-26/4650-482,SPINDLE COOLANT,0-1 MPA,0.4-0.6 MPA,0.11,0.05 MPA,27-12-2025,28-12-2026,0.002,
CA4,CA4M23,CA4M23-PG283,VI/25-26/4650-483,COOLANT,0-1 MPA,0.4-0.6 MPA,0.11,0.05 MPA,27-12-2025,28-12-2026,0.002,
CA4,CA4M24,CA4M24-PG284,VI/25-26/4650-484,COOLANT,0-10 MPA,2-5 MPA,0.11,0.05 MPA,27-12-2025,28-12-2026,0.002,
CA4,CA4M25,CA4M25-PG285,VI/25-26/4650-485,AIR PRESSURE,0-10 MPA,2-5 MPA,0.11,0.05 MPA,27-12-2025,28-12-2026,0.002,
CA4,CA4M26,CA4M26-PG286,VI/25-26/4650-486,HYDRAULIC PRESSURE,0-1 MPA,0.1-0.2 MPA,0.11,0.05 MPA,27-12-2025,28-12-2026,0.002,
CA4,CA4M27,CA4M27-PG287,VI/25-26/4650-487,AIR PRESSURE,0-1 MPA,0.4-0.6 MPA,0.11,0.05 MPA,27-12-2025,28-12-2026,0.002,
CA4,CA4M28,CA4M28-PG288,VI/25-26/4650-488,LUBRICATION,0-5 MPA,0.4-0.6 MPA,0.11,0.1 MPA,27-12-2025,28-12-2026,0.002,
CA4,CA4M29,CA4M29-PG289,VI/25-26/4650-489,HYDRAULIC PRESSURE,0-1 MPA,0.4-0.6 MPA,0.11,0.2 MPA,27-12-2025,28-12-2026,0.002,
CA4,CA4M01,CA4M01-PG290,VI/25-26/4650-490,COOLANT,0-5 MPA,0.1-0.2 MPA,0.11,0.05 MPA,27-12-2025,28-12-2026,0.002,
CA4,CA4M02,CA4M02-PG291,VI/25-26/4650-491,LUBRICATION,0-6 MPA,0.4-0.6 MPA,0.11,0.05 MPA,27-12-2025,28-12-2026,0.002,
CA4,CA4M03,CA4M03-PG292,VI/25-26/4650-492,SPINDLE COOLANT,0-5 MPA,0.4-0.6 MPA,0.11,0.05 MPA,27-12-2025,28-12-2026,0.002,
CA4,CA4M04,CA4M04-PG293,VI/25-26/4650-493,CLAMP UNCLAMP,0-6 MPA,1-3 MPA,0.11,0.2 MPA,27-12-2025,28-12-2026,0.002,
CA4,CA4M05,CA4M05-PG294,VI/25-26/4650-494,COOLANT,0-10 MPA,0.4-0.6 MPA,0.11,0.05 MPA,27-12-2025,28-12-2026,0.002,
CA4,CA4M06,CA4M06-PG295,VI/25-26/4650-495,COOLANT,0-5 MPA,2-5 MPA,0.11,0.1 MPA,27-12-2025,28-12-2026,0.002,
CA4,CA4M07,CA4M07-PG296,VI/25-26/4650-496,HYDRAULIC PRESSURE,0-10 MPA,0.4-0.6 MPA,0.11,0.1 MPA,27-12-2025,28-12-2026,0.002,
CA4,CA4M08,CA4M08-PG297,VI/25-26/4650-497,LUBRICATION,0-5 MPA,2-5 MPA,0.11,0.1 MPA,27-12-2025,28-12-2026,0.002,
CA4,CA4M09,CA4M09-PG298,VI/25-26/4650-498,AIR PRESSURE,0-5 MPA,1-3 MPA,0.11,0.1 MPA,27-12-2025,28-12-2026,0.002,
CA4,CA4M10,CA4M10-PG299,VI/25-26/4650-499,CLAMP UNCLAMP,0-5 MPA,2-5 MPA,0.11,0.05 MPA,27-12-2025,28-12-2026,0.002,
CA4,CA4M11,CA4M11-PG300,VI/25-26/4650-500,SPINDLE COOLANT,0-10 MPA,1-3 MPA,0.11,0.2 MPA,27-12-2025,28-12-2026,0.002,
CA4,CA4M12,CA4M12-PG301,VI/25-26/4650-501,AIR PRESSURE,0-10 MPA,1-3 MPA,0.11,0.05 MPA,27-12-2025,28-12-2026,0.002,
CA4,CA4M13,CA4M13-PG302,VI/25-26/4650-502,HYDRAULIC PRESSURE,0-10 MPA,2-5 MPA,0.11,0.2 MPA,27-12-2025,28-12-2026,0.002,
CA4,CA4M14,CA4M14-PG303,VI/25-26/4650-503,HYDRAULIC PRESSURE,0-10 MPA,0.1-0.2 MPA,0.11,0.05 MPA,27-12-2025,28-12-2026,0.002,
CA4,CA4M15,CA4M15-PG304,VI/25-26/4650-504,CLAMP UNCLAMP,0-6 MPA,1-3 MPA,0.11,0.1 MPA,27-12-2025,28-12-2026,0.002,
CA4,CA4M16,CA4M16-PG305,VI/25-26/4650-505,CLAMP UNCLAMP,0-1 MPA,0.1-0.2 MPA,0.11,0.1 MPA,27-12-2025,28-12-2026,0.002,
CA4,CA4M17,CA4M17-PG306,VI/25-26/4650-506,CLAMP UNCLAMP,0-1 MPA,2-5 MPA,0.11,0.1 MPA,27-12-2025,28-12-2026,0.002,
CA4,CA4M18,CA4M18-PG307,VI/25-26/4650-507,SPINDLE COOLANT,0-10 MPA,2-5 MPA,0.11,0.2 MPA,27-12-2025,28-12-2026,0.002,
CA4,CA4M19,CA4M19-PG308,VI/25-26/4650-508,CLAMP UNCLAMP,0-5 MPA,2-5 MPA,0.11,0.05 MPA,27-12-2025,28-12-2026,0.002,
CA4,CA4M20,CA4M20-PG309,VI/25-26/4650-509,COOLANT,0-6 MPA,0.1-0.2 MPA,0.11,0.2 MPA,27-12-2025,28-12-2026,0.002,
CA4,CA4M21,CA4M21-PG310,VI/25-26/4650-510,AIR PRESSURE,0-6 MPA,2-5 MPA,0.11,0.05 MPA,27-12-2025,28-12-2026,0.002,
CA4,CA4M22,CA4M22-PG311,VI/25-26/4650-511,AIR PRESSURE,0-10 MPA,0.4-0.6 MPA,0.11,0.2 MPA,27-12-2025,28-12-2026,0.002,
CA4,CA4M23,CA4M23-PG312,VI/25-26/4650-512,AIR PRESSURE,0-10 MPA,0.1-0.2 MPA,0.11,0.1 MPA,27-12-2025,28-12-2026,0.002,
CA4,CA4M24,CA4M24-PG313,VI/25-26/4650-513,SPINDLE COOLANT,0-6 MPA,0.1-0.2 MPA,0.11,0.05 MPA,27-12-2025,28-12-2026,0.002,
CA4,CA4M25,CA4M25-PG314,VI/25-26/4650-514,CLAMP UNCLAMP,0-10 MPA,2-5 MPA,0.11,0.2 MPA,27-12-2025,28-12-2026,0.002,
CA4,CA4M26,CA4M26-PG315,VI/25-26/4650-515,COOLANT,0-10 MPA,0.1-0.2 MPA,0.11,0.2 MPA,27-12-2025,28-12-2026,0.002,
CA4,CA4M27,CA4M27-PG316,VI/25-26/4650-516,AIR PRESSURE,0-5 MPA,0.4-0.6 MPA,0.11,0.2 MPA,27-12-2025,28-12-2026,0.002,
CA4,CA4M28,CA4M28-PG317,VI/25-26/4650-517,AIR PRESSURE,0-6 MPA,2-5 MPA,0.11,0.2 MPA,27-12-2025,28-12-2026,0.002,
CA4,CA4M29,CA4M29-PG318,VI/25-26/4650-518,CLAMP UNCLAMP,0-10 MPA,0.4-0.6 MPA,0.11,0.1 MPA,27-12-2025,28-12-2026,0.002,
CA4,CA4M01,CA4M01-PG319,VI/25-26/4650-519,CLAMP UNCLAMP,0-10 MPA,0.4-0.6 MPA,0.11,0.1 MPA,27-12-2025,28-12-2026,0.002,
CA4,CA4M02,CA4M02-PG320,VI/25-26/4650-520,LUBRICATION,0-1 MPA,0.1-0.2 MPA,0.11,0.05 MPA,27-12-2025,28-12-2026,0.002,
CA4,CA4M03,CA4M03-PG321,VI/25-26/4650-521,LUBRICATION,0-5 MPA,2-5 MPA,0.11,0.2 MPA,27-12-2025,28-12-2026,0.002,
CA4,CA4M04,CA4M04-PG322,VI/25-26/4650-522,SPINDLE COOLANT,0-6 MPA,2-5 MPA,0.11,0.2 MPA,27-12-2025,28-12-2026,0.002,
CA4,CA4M05,CA4M05-PG323,VI/25-26/4650-523,AIR PRESSURE,0-1 MPA,2-5 MPA,0.11,0.05 MPA,27-12-2025,28-12-2026,0.002,
CA4,CA4M06,CA4M06-PG324,VI/25-26/4650-524,LUBRICATION,0-6 MPA,1-3 MPA,0.11,0.1 MPA,27-12-2025,28-12-2026,0.002,
CA4,CA4M07,CA4M07-PG325,VI/25-26/4650-525,AIR PRESSURE,0-5 MPA,2-5 MPA,0.11,0.05 MPA,27-12-2025,28-12-2026,0.002,
CA4,CA4M08,CA4M08-PG326,VI/25-26/4650-526,CLAMP UNCLAMP,0-6 MPA,1-3 MPA,0.11,0.1 MPA,27-12-2025,28-12-2026,0.002,
CA4,CA4M09,CA4M09-PG327,VI/25-26/4650-527,CLAMP UNCLAMP,0-6 MPA,0.1-0.2 MPA,0.11,0.1 MPA,27-12-2025,28-12-2026,0.002,
CA4,CA4M10,CA4M10-PG328,VI/25-26/4650-528,COOLANT,0-1 MPA,0.1-0.2 MPA,0.11,0.2 MPA,27-12-2025,28-12-2026,0.002,
CA4,CA4M11,CA4M11-PG329,VI/25-26/4650-529,COOLANT,0-1 MPA,0.1-0.2 MPA,0.11,0.1 MPA,27-12-2025,28-12-2026,0.002,
CA4,CA4M12,CA4M12-PG330,VI/25-26/4650-530,HYDRAULIC PRESSURE,0-10 MPA,2-5 MPA,0.11,0.2 MPA,27-12-2025,28-12-2026,0.002,
CA4,CA4M13,CA4M13-PG331,VI/25-26/4650-531,COOLANT,0-10 MPA,0.1-0.2 MPA,0.11,0.1 MPA,27-12-2025,28-12-2026,0.002,
CA4,CA4M14,CA4M14-PG332,VI/25-26/4650-532,COOLANT,0-6 MPA,0.4-0.6 MPA,0.11,0.05 MPA,27-12-2025,28-12-2026,0.002,
CA4,CA4M15,CA4M15-PG333,VI/25-26/4650-533,COOLANT,0-10 MPA,0.1-0.2 MPA,0.11,0.2 MPA,27-12-2025,28-12-2026,0.002,
CA4,CA4M16,CA4M16-PG334,VI/25-26/4650-534,COOLANT,0-10 MPA,0.4-0.6 MPA,0.11,0.05 MPA,27-12-2025,28-12-2026,0.002,
CA4,CA4M17,CA4M17-PG335,VI/25-26/4650-535,AIR PRESSURE,0-1 MPA,1-3 MPA,0.11,0.1 MPA,27-12-2025,28-12-2026,0.002,
CA4,CA4M18,CA4M18-PG336,VI/25-26/4650-536,HYDRAULIC PRESSURE,0-5 MPA,1-3 MPA,0.11,0.05 MPA,27-12-2025,28-12-2026,0.002,
CA4,CA4M19,CA4M19-PG337,VI/25-26/4650-537,LUBRICATION,0-10 MPA,2-5 MPA,0.11,0.2 MPA,27-12-2025,28-12-2026,0.002,
CA4,CA4M20,CA4M20-PG338,VI/25-26/4650-538,HYDRAULIC PRESSURE,0-6 MPA,0.4-0.6 MPA,0.11,0.1 MPA,27-12-2025,28-12-2026,0.002,
CA4,CA4M21,CA4M21-PG339,VI/25-26/4650-539,HYDRAULIC PRESSURE,0-5 MPA,0.1-0.2 MPA,0.11,0.2 MPA,27-12-2025,28-12-2026,0.002,
CA4,CA4M22,CA4M22-PG340,VI/25-26/4650-540,CLAMP UNCLAMP,0-1 MPA,0.1-0.2 MPA,0.11,0.1 MPA,27-12-2025,28-12-2026,0.002,
CA4,CA4M23,CA4M23-PG341,VI/25-26/4650-541,AIR PRESSURE,0-6 MPA,0.4-0.6 MPA,0.11,0.2 MPA,27-12-2025,28-12-2026,0.002,
CA4,CA4M24,CA4M24-PG342,VI/25-26/4650-542,AIR PRESSURE,0-10 MPA,2-5 MPA,0.11,0.1 MPA,27-12-2025,28-12-2026,0.002,
CA4,CA4M25,CA4M25-PG343,VI/25-26/4650-543,AIR PRESSURE,0-6 MPA,0.1-0.2 MPA,0.11,0.05 MPA,27-12-2025,28-12-2026,0.002,
CA4,CA4M26,CA4M26-PG344,VI/25-26/4650-544,LUBRICATION,0-10 MPA,0.4-0.6 MPA,0.11,0.2 MPA,27-12-2025,28-12-2026,0.002,
CA4,CA4M27,CA4M27-PG345,VI/25-26/4650-545,SPINDLE COOLANT,0-5 MPA,0.4-0.6 MPA,0.11,0.05 MPA,27-12-2025,28-12-2026,0.002,
CA4,CA4M28,CA4M28-PG346,VI/25-26/4650-546,HYDRAULIC PRESSURE,0-5 MPA,0.1-0.2 MPA,0.11,0.1 MPA,27-12-2025,28-12-2026,0.002,
CA4,CA4M29,CA4M29-PG347,VI/25-26/4650-547,CLAMP UNCLAMP,0-5 MPA,1-3 MPA,0.11,0.2 MPA,27-12-2025,28-12-2026,0.002,
CA4,CA4M01,CA4M01-PG348,VI/25-26/4650-548,CLAMP UNCLAMP,0-5 MPA,0.4-0.6 MPA,0.11,0.1 MPA,27-12-2025,28-12-2026,0.002,
CA4,CA4M02,CA4M02-PG349,VI/25-26/4650-549,COOLANT,0-5 MPA,0.1-0.2 MPA,0.11,0.1 MPA,27-12-2025,28-12-2026,0.002,
CA4,CA4M03,CA4M03-PG350,VI/25-26/4650-550,SPINDLE COOLANT,0-10 MPA,1-3 MPA,0.11,0.1 MPA,27-12-2025,28-12-2026,0.002,
CA4,CA4M04,CA4M04-PG351,VI/25-26/4650-551,COOLANT,0-1 MPA,0.1-0.2 MPA,0.11,0.2 MPA,27-12-2025,28-12-2026,0.002,
CA4,CA4M05,CA4M05-PG352,VI/25-26/4650-552,CLAMP UNCLAMP,0-5 MPA,0.1-0.2 MPA,0.11,0.05 MPA,27-12-2025,28-12-2026,0.002,
CA4,CA4M06,CA4M06-PG353,VI/25-26/4650-553,AIR PRESSURE,0-1 MPA,0.4-0.6 MPA,0.11,0.2 MPA,27-12-2025,28-12-2026,0.002,
CA4,CA4M07,CA4M07-PG354,VI/25-26/4650-554,COOLANT,0-6 MPA,2-5 MPA,0.11,0.05 MPA,27-12-2025,28-12-2026,0.002,
CA4,CA4M08,CA4M08-PG355,VI/25-26/4650-555,COOLANT,0-1 MPA,0.1-0.2 MPA,0.11,0.1 MPA,27-12-2025,28-12-2026,0.002,
CA4,CA4M09,CA4M09-PG356,VI/25-26/4650-556,AIR PRESSURE,0-1 MPA,1-3 MPA,0.11,0.1 MPA,27-12-2025,28-12-2026,0.002,
CA4,CA4M10,CA4M10-PG357,VI/25-26/4650-557,AIR PRESSURE,0-1 MPA,1-3 MPA,0.11,0.05 MPA,27-12-2025,28-12-2026,0.002,
CA4,CA4M11,CA4M11-PG358,VI/25-26/4650-558,HYDRAULIC PRESSURE,0-5 MPA,2-5 MPA,0.11,0.05 MPA,27-12-2025,28-12-2026,0.002,
CA4,CA4M12,CA4M12-PG359,VI/25-26/4650-559,SPINDLE COOLANT,0-5 MPA,0.4-0.6 MPA,0.11,0.05 MPA,27-12-2025,28-12-2026,0.002,
CA4,CA4M13,CA4M13-PG360,VI/25-26/4650-560,COOLANT,0-6 MPA,2-5 MPA,0.11,0.2 MPA,27-12-2025,28-12-2026,0.002,
CA4,CA4M14,CA4M14-PG361,VI/25-26/4650-561,HYDRAULIC PRESSURE,0-5 MPA,0.1-0.2 MPA,0.11,0.2 MPA,27-12-2025,28-12-2026,0.002,
CA4,CA4M15,CA4M15-PG362,VI/25-26/4650-562,SPINDLE COOLANT,0-10 MPA,1-3 MPA,0.11,0.1 MPA,27-12-2025,28-12-2026,0.002,
CA4,CA4M16,CA4M16-PG363,VI/25-26/4650-563,SPINDLE COOLANT,0-5 MPA,0.1-0.2 MPA,0.11,0.05 MPA,27-12-2025,28-12-2026,0.002,
CA4,CA4M17,CA4M17-PG364,VI/25-26/4650-564,COOLANT,0-1 MPA,2-5 MPA,0.11,0.05 MPA,27-12-2025,28-12-2026,0.002,
CA4,CA4M18,CA4M18-PG365,VI/25-26/4650-565,SPINDLE COOLANT,0-5 MPA,0.4-0.6 MPA,0.11,0.2 MPA,27-12-2025,28-12-2026,0.002,
CA4,CA4M19,CA4M19-PG366,VI/25-26/4650-566,LUBRICATION,0-6 MPA,2-5 MPA,0.11,0.2 MPA,27-12-2025,28-12-2026,0.002,
CA4,CA4M20,CA4M20-PG367,VI/25-26/4650-567,CLAMP UNCLAMP,0-6 MPA,2-5 MPA,0.11,0.05 MPA,27-12-2025,28-12-2026,0.002,
CA4,CA4M21,CA4M21-PG368,VI/25-26/4650-568,CLAMP UNCLAMP,0-1 MPA,2-5 MPA,0.11,0.1 MPA,27-12-2025,28-12-2026,0.002,
CA4,CA4M22,CA4M22-PG369,VI/25-26/4650-569,AIR PRESSURE,0-10 MPA,2-5 MPA,0.11,0.1 MPA,27-12-2025,28-12-2026,0.002,
CA4,CA4M23,CA4M23-PG370,VI/25-26/4650-570,SPINDLE COOLANT,0-10 MPA,0.4-0.6 MPA,0.11,0.05 MPA,27-12-2025,28-12-2026,0.002,
CA4,CA4M24,CA4M24-PG371,VI/25-26/4650-571,HYDRAULIC PRESSURE,0-5 MPA,0.1-0.2 MPA,0.11,0.2 MPA,27-12-2025,28-12-2026,0.002,
CA4,CA4M25,CA4M25-PG372,VI/25-26/4650-572,AIR PRESSURE,0-10 MPA,2-5 MPA,0.11,0.1 MPA,27-12-2025,28-12-2026,0.002,
CA4,CA4M26,CA4M26-PG373,VI/25-26/4650-573,AIR PRESSURE,0-5 MPA,0.4-0.6 MPA,0.11,0.2 MPA,27-12-2025,28-12-2026,0.002,
CA4,CA4M27,CA4M27-PG374,VI/25-26/4650-574,CLAMP UNCLAMP,0-1 MPA,1-3 MPA,0.11,0.2 MPA,27-12-2025,28-12-2026,0.002,
CA4,CA4M28,CA4M28-PG375,VI/25-26/4650-575,AIR PRESSURE,0-10 MPA,0.4-0.6 MPA,0.11,0.2 MPA,27-12-2025,28-12-2026,0.002,
CA4,CA4M29,CA4M29-PG376,VI/25-26/4650-576,COOLANT,0-10 MPA,1-3 MPA,0.11,0.2 MPA,27-12-2025,28-12-2026,0.002,
